trial,label_x,label_y,delta_x,delta_y,delta_z,pick_x,pick_y,pick_z,pick_roll,pick_pitch,pick_yaw,place_x,place_y,place_z,place_roll,place_pitch,place_yaw,pick_time,place_time
motion_20260506_195749,-5.0,5.0,35.68612984866866,29.86554239600704,10.108514556254825,299.53598244928685,0.9671943461746126,47.431932898553804,1.591181954533389,-0.1025549228789373,1.5298385211883416,335.2221122979555,30.832736742181652,57.54044745480863,1.524916905986295,-0.09019251091745506,1.5763305298365768,9.374752061,19.127751781
motion_20260506_195818,-5.0,5.0,35.690979438559,29.57700931103015,11.021735119741827,299.5280284507546,1.713742859142041,47.57176774121995,1.589817319669538,-0.10276965630876878,1.531367819037103,335.2190078893136,31.29075217017219,58.59350286096178,1.5169769207426296,-0.08474143886046481,1.5801402422140989,9.380388256,19.128386138
motion_20260506_195847,-5.0,5.0,36.566090817976885,31.79678281122766,11.066398678039008,299.4360612093428,1.110598719876978,47.099095535893326,1.5915223692784681,-0.10311421736096582,1.5281488607271787,336.0021520273197,32.90738153110464,58.165494213932334,1.5192307162835323,-0.09051318489481153,1.5796217949892202,9.374737571,19.127737519
motion_20260506_195915,-5.0,5.0,35.801019303586145,29.92665152508455,11.671423640779196,299.43341334129195,1.128191951125781,46.9421004940805,1.5930550869441131,-0.10311447020739206,1.5281606861842543,335.2344326448781,31.054843476210333,58.613524134859695,1.5171614745985964,-0.08463703689320345,1.5781900645392783,9.375279718,19.126274135
motion_20260506_195943,-5.0,5.0,37.26291551227206,31.889379419103804,11.379757599397117,298.6776794930784,1.3123684704156924,46.69474986770968,1.5944187078332601,-0.10278584530225698,1.5296835517075782,335.9405950053505,33.201747889519496,58.0745074671068,1.5197250990756015,-0.09030447217115567,1.5785812431717192,9.376784006,19.126783927
motion_20260506_200048,-5.0,0.0,17.038752710752647,35.013691194942375,-3.8927155046627817,288.82280582037254,1.928491905494162,39.271361131839306,1.6501078140236909,-0.0775767871518489,1.5541660263174468,305.8615585311252,36.94218310043654,35.378645627176525,1.6971391911659555,-0.11388692470207795,1.5289603403355905,9.397596077,19.07559616
motion_20260506_200117,-5.0,0.0,16.68315043202216,33.83396228592065,-2.683548914798344,288.68385001469676,1.9872145847836868,38.3620836707163,1.656221773606313,-0.07622245632974001,1.5542633145283038,305.3670004467189,35.821176870704335,35.67853475591796,1.694947187588201,-0.10930219238116723,1.5284633376199999,9.397203548,19.084203454
motion_20260506_200145,-5.0,0.0,17.388068261675585,34.10684838477081,-2.6437896442567492,288.2723514462175,1.871936146999523,37.99697372687439,1.6594210228128472,-0.07483910650868486,1.5529287794482198,305.6604197078931,35.97878453177033,35.35318408261764,1.6962044597863448,-0.10887709636095644,1.52966367560954,9.399618711,19.082613431
motion_20260506_200216,-5.0,0.0,17.401753855836887,33.48434641851185,-2.518879270242387,288.26914076642265,2.314138081094509,37.99697372687439,1.6594210228128472,-0.07483910650868464,1.55446276044822,305.67089462225954,35.79848449960636,35.478094456632,1.6949986204126788,-0.1105978749404628,1.5278228106244833,9.399249142,19.079246649
motion_20260506_200244,-5.0,0.0,16.920066197520157,34.100035172935414,-2.933831013804152,288.2752904605387,2.0265213451936646,38.011886916075284,1.6592845325283097,-0.07622074280969615,1.554323756119406,305.19535665805887,36.12655651812908,35.07805590227113,1.6982990036416898,-0.11054413277954289,1.5280378474747744,9.396764724,19.080764293
motion_20260506_200336,-5.0,-5.0,-43.09314294472955,38.062094735321544,-11.12496453622995,285.8445525352446,13.29376296502815,41.788664652887846,1.6292946090432077,-0.08999713534506615,1.6163817036977206,242.75140959051504,51.355857700349695,30.663700116657896,1.7899297748033915,-0.11056564735819752,1.6591437754586678,9.390664792,19.072663378
motion_20260506_200405,-5.0,-5.0,-42.813322484886044,36.67686350344218,-11.291005420506135,285.46497572493803,14.232017722660235,41.40329458082949,1.6354449683299956,-0.09135077740519404,1.6195386847621351,242.65165324005198,50.908881226102416,30.112289160323353,1.79367243675298,-0.11147566358883298,1.6541068310796359,9.391199806,19.068200666
motion_20260506_200433,-5.0,-5.0,-43.26961336967048,38.17927162475526,-11.026117915118508,285.50989881575094,13.06052583985133,41.21642638941397,1.6372632040543955,-0.09010618426104311,1.6135126656975274,242.24028544608046,51.23979746460659,30.19030847429546,1.7951649458613423,-0.11116827078174096,1.6559916049462147,9.39268452,19.075688753
motion_20260506_200501,-5.0,-5.0,-43.22049291300851,37.19889101189014,-11.576831793920547,285.8863738779737,13.625721728935954,41.57980088854616,1.6340598008770202,-0.09144635913795418,1.6164594977062416,242.6658809649652,50.82461274082609,30.002969094625612,1.7969574192919062,-0.11133258990820227,1.652994344645528,9.392256213,19.071260843
motion_20260506_200530,-5.0,-5.0,-43.25178949211954,37.79033998696576,-11.551047948748966,285.90693910880026,13.187161603913626,41.57980088854616,1.6340687696714506,-0.09297727102704845,1.614828115796075,242.65514961668072,50.97750159087939,30.028752939797194,1.7967007172833702,-0.11140108649015823,1.6545339408266495,9.391905641,19.071905746
motion_20260506_200632,0.0,5.0,43.14381272076787,-4.718711702239506,14.089734144393134,297.50588095412957,-10.808321414024409,41.62009860047167,1.639446982693432,-0.06386223563350679,1.5037128982387635,340.64969367489743,-15.527033116263915,55.709832744864805,1.5687602072238085,-0.0014629607582441473,1.5361341237098287,9.369403879,19.077401852
motion_20260506_200700,0.0,5.0,42.62968833861714,-5.602656659030874,12.627264346353833,296.71622685757416,-10.884484228785201,41.189407403048016,1.6426530326906896,-0.0640085013754279,1.5022803398038007,339.3459151961913,-16.487140887816075,53.81667174940185,1.576602199209474,-0.0029327110693091463,1.532293541894656,9.368007524,19.074004896
motion_20260506_200729,0.0,5.0,41.18322001640814,-5.873931217422388,12.313343390205866,297.50776692788776,-10.536341635297603,41.48482518119688,1.6410315774302335,-0.06506094091795611,1.5034132227332007,338.6909869442959,-16.41027285271999,53.79816857140275,1.5781365996748695,-0.0043865346196851895,1.5324974013723338,9.368531464,19.076539539
motion_20260506_200757,0.0,5.0,43.12626934463066,-4.776572021135614,13.607072217603708,296.6888113034901,-11.323710438044063,41.032553765192404,1.6441830583407973,-0.06401208620468757,1.5007957361635207,339.8150806481208,-16.100282459179677,54.63962598279611,1.5734353196954574,-0.003718936131184458,1.5333481257118244,9.371114943,19.078114224
motion_20260506_200826,0.0,5.0,43.12472221042623,-4.70806266367709,13.729695451473752,296.6888113034901,-11.323710438044063,41.032553765192404,1.6441830583407973,-0.06401208620468757,1.5007957361635207,339.81353351391635,-16.031773101721154,54.762249216666156,1.5720174163953404,-0.00271604823553262,1.5336346530560776,9.370648584,19.078646451
motion_20260506_200933,0.0,0.0,12.660305686901097,-4.9089434033214765,7.429635248100638,282.80326413474455,-4.306459001386013,33.840107229796516,1.6906879417800433,-0.05123211202017841,1.5478116618786615,295.46356982164565,-9.21540240470749,41.269742477897154,1.6363131187314084,0.004989011947551969,1.5837064118119109,9.401282913,19.063279819
motion_20260506_201002,0.0,0.0,11.982905457135416,-4.017917910441905,7.547731004997161,282.35586185719774,-4.212263923478589,33.30794972787101,1.6953886237550548,-0.04875934506731361,1.5485234429447605,294.33876731433315,-8.230181833920494,40.85568073286817,1.6391737515390248,0.005134949437092473,1.586777789536685,9.40680648,19.052812777
motion_20260506_201029,0.0,0.0,12.223474702149701,-5.2968299765903755,6.748523198110995,282.7692001112865,-4.692187225606343,33.64806039188735,1.6923374477708508,-0.05024526109197858,1.5466939950185292,294.9926748134362,-9.989017202196719,40.39658358999834,1.644136790962185,0.004269969160855647,1.5814495808555307,9.403424162,19.055415956
motion_20260506_201058,0.0,0.0,12.693263989578611,-4.950904356451563,7.896698268977467,282.7692001112865,-4.692187225606343,33.64806039188735,1.6923374477708508,-0.05024526109197858,1.5466939950185292,295.46246410086513,-9.643091582057906,41.544758660864815,1.633428645351152,0.004450728911142621,1.5822278353784949,9.401833721,19.059841572
motion_20260506_201126,0.0,0.0,11.816555425114814,-4.6878079397550945,7.050451507871031,282.7692001112865,-4.692187225606343,33.64806039188735,1.6923374477708508,-0.05024526109197858,1.5466939950185292,294.58575553640134,-9.379995165361438,40.69851189975838,1.6378884973870567,0.0071599183291157775,1.584202119363452,9.402521876,19.053522337
motion_20260506_201221,0.0,-5.0,-52.55293626058494,-18.145086101242867,-12.181878677324814,282.6718750236432,0.7519482567716989,38.113168323112475,1.6561963964444755,-0.05185489417218059,1.5853639497080034,230.11893876305828,-17.39313784447117,25.93128964578766,1.8152947554251215,0.010863794372834024,1.5523722307700514,9.38016816,19.067173109
motion_20260506_201252,0.0,-5.0,-50.90707398281836,-18.077115365179164,-11.27146513038927,282.6322181468225,0.2008094384052539,37.62994601468128,1.6609129639652083,-0.05198727138344861,1.582433082072229,231.72514416400412,-17.87630592677391,26.35848088429201,1.8092834842921144,0.01306204689284396,1.5542060358867438,9.382801128,19.068800192
motion_20260506_201321,0.0,-5.0,-51.40460128054599,-17.847971709211482,-11.691902003720656,282.32767430107674,-0.024274387194001656,37.84882215137577,1.6609453451958012,-0.050732259113267064,1.582915786221184,230.92307302053075,-17.872246096405483,26.156920147655114,1.812247456554306,0.009734674091611106,1.5502927624849958,9.384344699,19.072339346
motion_20260506_201350,0.0,-5.0,-52.1304609097225,-17.0565733324273,-11.759102296992385,282.7159039064091,-0.6059866827289884,37.98443694535732,1.6596817866084055,-0.0497980549105399,1.5801588461874503,230.5854429966866,-17.662560015156288,26.22533464836493,1.813874245687272,0.012090386047265866,1.5527033082324446,9.382956569,19.070956658
motion_20260506_201418,0.0,-5.0,-50.912308540611264,-16.452713645217475,-11.531098259564953,281.8535082489058,-0.18473822262658435,37.41769799043736,1.6624397329154748,-0.05212734882194536,1.580954103337189,230.94119970829456,-16.63745186784406,25.88659973087241,1.8150523902483622,0.010075984150154316,1.5566508220909179,9.38549741,19.069497773
motion_20260506_201515,5.0,5.0,41.758776302654894,-43.990145755394146,9.022186099920958,296.52974415568934,-16.6476824137171,41.19509567721626,1.6445272644536102,-0.047837218698145945,1.4943433115520741,338.28852045834424,-60.637828169111245,50.21728177713722,1.6001952219623936,0.08143855736882899,1.4514078413465463,9.341907237,19.096907251
motion_20260506_201545,5.0,5.0,42.58158992968839,-44.98954209386815,11.896360979422312,296.0273114595271,-16.530692546037162,40.347105771901546,1.6491975452988366,-0.0454412483416653,1.4948432312199544,338.6089013892155,-61.52023463990532,52.24346675132386,1.5851071195299302,0.08937116328760997,1.44851180950495,9.343536702,19.098537724
motion_20260506_201613,5.0,5.0,41.97852091277815,-45.33885383258843,10.03118094826646,296.5559025284872,-16.02592464409551,41.05011559672691,1.645934240368655,-0.04610696017191529,1.4975609292210994,338.53442344126535,-61.36477847668394,51.08129654499337,1.5928256955446067,0.0881502718656999,1.450514483393917,9.34521564,19.101229723
motion_20260506_201642,5.0,5.0,42.227763563145686,-44.686837939947736,11.494433083758125,296.5787307592513,-15.718563538163911,41.07421257103251,1.6456979705639154,-0.04569817676493626,1.5006032030151142,338.806494322397,-60.40540147811165,52.568645654790636,1.5819595772429527,0.08728909206751734,1.4524154388103223,9.341792387,19.099790771
motion_20260506_201710,5.0,5.0,41.83005522071909,-44.45893407563486,10.764914527424033,296.1248857824445,-16.54639238749998,40.79954379157229,1.647667348508474,-0.04531313296612027,1.4949126434383941,337.9549410031636,-61.005326463134836,51.56445831899632,1.589522803632488,0.08402018321987725,1.449602755736098,9.34515227,19.097154078
motion_20260506_201803,5.0,0.0,0.9098268098623521,-46.71795865838838,2.315785764156594,283.88378197880195,-17.301527858782734,36.55086407911682,1.671361172835924,-0.03921429385198172,1.507754084454545,284.7936087886643,-64.01948651717112,38.866649843273414,1.6551731740451423,0.11384049380685801,1.5614048714571842,9.346245543,19.109247806
motion_20260506_201831,5.0,0.0,1.8892160399888667,-45.68871588322979,3.196473131529281,283.01734518428253,-17.73018780773824,35.81848130936115,1.677717238049929,-0.03995869234707361,1.50511881877024,284.9065612242714,-63.41890369096803,39.01495444089043,1.6537351856285507,0.11554568049245262,1.564511643465149,9.347223671,19.109223421
motion_20260506_201900,5.0,0.0,1.4953577419868225,-45.22645855936936,2.722111290378919,283.4085359572281,-17.612188577785023,35.86035636906429,1.6775972902339227,-0.03827984740871693,1.5068093264877587,284.9038936992149,-62.83864713715439,38.58246765944321,1.6550151308460044,0.11432136904614443,1.5673490889112758,9.345998131,19.108998326
motion_20260506_201929,5.0,0.0,1.604190626446325,-47.03365524296551,3.498843039410204,283.3979141086121,-17.766583919712804,35.84873566480425,1.6777177746326493,-0.03993055066096418,1.5051165449941413,285.0021047350584,-64.80023916267831,39.347578704214456,1.651009975360872,0.11697879798314958,1.5600802769605429,9.345996442,19.108997868
motion_20260506_201957,5.0,0.0,1.4735838498477847,-45.37741075927303,2.4372534528754315,283.4138315846578,-17.779493289572684,36.00540088372318,1.676180575189025,-0.03839934704097869,1.5052241836716245,284.8874154345056,-63.15690404884572,38.442654336598615,1.6563830341610972,0.11397916616965631,1.564374162495706,9.346038874,19.109039779
motion_20260506_202121,5.0,-5.0,-54.64221331207676,-68.34225659322139,-6.871033129177249,279.6759483388639,-12.319531199095243,37.58063395424162,1.6593525831822877,-0.03652303376942134,1.5446944905595534,225.03373502678716,-80.66178779231663,30.70960082506437,1.7821571270073306,0.109859418285706,1.4534048731898008,9.335043688,19.104045499
motion_20260506_202150,5.0,-5.0,-53.9383240732775,-66.86912267525365,-6.491710820178508,279.9948877589058,-13.227109432925669,37.2598104972069,1.6627256345359702,-0.036772891264845065,1.53865718784421,226.0565636856283,-80.09623210817932,30.768099677028392,1.7788208180295308,0.10670111188783671,1.4554131523939886,9.337369124,19.105377981
motion_20260506_202218,5.0,-5.0,-52.53333816557938,-64.6526733463084,-5.553137037223724,279.12299573716,-14.22362572756538,36.655783996336794,1.6677705585586702,-0.03363280731369245,1.5335463492119523,226.58965757158063,-78.87629907387378,31.10264695911307,1.7752055397243836,0.1065093289783623,1.459417681566325,9.337738016,19.106736513
motion_20260506_202247,5.0,-5.0,-54.30702971590881,-67.3711892547202,-6.139082984711045,279.1411319110754,-13.947614389999849,36.708080879911506,1.6674462903258485,-0.03594254059410518,1.536099328276176,224.83410219516657,-81.31880364472005,30.56899789520046,1.7835664176008248,0.11004660163636593,1.4489001144623945,9.337014473,19.106013913
motion_20260506_202316,5.0,-5.0,-54.04540448071316,-66.82316329534758,-6.152010721016751,279.16161818302635,-13.803119917955218,36.87535768543938,1.6658133408778053,-0.035836798370977085,1.5375833771902239,225.1162137023132,-80.6262832133028,30.723346964422632,1.782024752831411,0.11006837066561026,1.4518663183189602,9.337639897,19.106639578
motion_20260506_202620,-3.0,3.0,40.250179358762466,-7.378191771707583,14.602654605949411,289.19199722568345,-1.6949622959818447,39.95290697659238,1.6351333851590135,-0.022304148405046798,1.5080927110975695,329.4421765844459,-9.073154067689428,54.55556158254179,1.5226486502045284,-0.03357683891764518,1.4503310200153179,9.467366345,19.028374474
motion_20260506_202650,-3.0,3.0,40.26169008155688,-8.935166265491903,15.78311738172119,289.5543661555039,-2.077336576308639,39.85833994246525,1.6368679072350294,-0.02469769063189875,1.5044141664058568,329.81605623706076,-11.012502841800542,55.64145732418644,1.5163699016015018,-0.03341925122828826,1.4453862699257713,9.461216425,19.028226412
motion_20260506_202719,-3.0,3.0,40.826784230153066,-8.145165524623106,14.711046115763047,289.2170178437749,-1.8761606181032704,40.749204567005435,1.6278320654726888,-0.023164413882376778,1.5038952375424692,330.04380207392796,-10.021326142726377,55.46025068276848,1.5159615772880524,-0.03217899402200497,1.4416896257303446,9.46512465,19.025116976
motion_20260506_202748,-3.0,3.0,40.84301661342897,-9.164591539696982,15.202318531185348,289.59772503128374,-1.1829513558800668,40.05756681453784,1.6349282798320908,-0.024260057254036793,1.510420500730254,330.4407416447127,-10.34754289557705,55.25988534572319,1.51883084590607,-0.033511412214733305,1.44203696217606,9.46387993,19.026880456
motion_20260506_202817,-3.0,3.0,41.139347099408894,-10.155776519079545,14.360756473351977,289.22204447963054,-1.2624277185437895,40.606231858935175,1.629222657343825,-0.02302951319775759,1.5070570074195575,330.36139157903943,-11.418204237623334,54.96698833228715,1.518302560876468,-0.03087729973848652,1.4416267984519895,9.468816639,19.024809311
motion_20260506_202915,-3.0,0.0,20.543351981881017,20.27236829600483,0.7819157943818951,280.6819197087594,-5.480178627476175,30.65627062761527,1.7169666240067405,-0.06103907344719639,1.510546469410832,301.2252716906404,14.792189668528657,31.438186421997166,1.7130049682367336,-0.09629356778524456,1.5324990007265211,9.434281484,19.042282072
motion_20260506_202945,-3.0,0.0,19.703268929105377,17.91412762850436,0.20485294642517715,280.7226635211341,-3.7739684559544937,30.597383250910944,1.7179877359591944,-0.06275510587362687,1.5190448665827212,300.4259324502395,14.140159172549868,30.80223619733612,1.7174610827350127,-0.09228694008125449,1.5321110514690162,9.439153643,19.040161128
motion_20260506_203014,-3.0,0.0,20.568282056767316,18.283525003629098,0.6769918814020279,280.2724372097728,-4.288580924242161,30.218917976196366,1.721245034451681,-0.06181225342802721,1.5164077769223157,300.84071926654013,13.994944079386936,30.895909857598394,1.7170725043937933,-0.09355200436078226,1.53342364019929,9.435305879,19.041304753
motion_20260506_203042,-3.0,0.0,20.15050172282912,19.296970890137953,0.3200453572907307,279.87991400770835,-4.999226572553977,30.29622369966144,1.7200151334184473,-0.05942381134456265,1.5123675739693112,300.03041573053747,14.297744317583977,30.61626905695217,1.718799126252023,-0.09348285236289078,1.533460702358351,9.438224848,19.038234694
motion_20260506_203112,-3.0,0.0,21.18129568874798,18.652045113042632,0.204543332229008,280.02354507252943,-4.030147231251693,30.76495741174599,1.7183062028299405,-0.06175179889973559,1.5164670062970993,301.2048407612774,14.621897881790941,30.969500743974997,1.7168903992063183,-0.09500588122073839,1.536277560289964,9.438235895,19.04224282
motion_20260506_203221,-3.0,-3.0,-18.837171416803073,19.230149807000373,-5.582547072371739,279.96838189967684,8.856005240542315,37.31948914656659,1.6871497054252582,-0.09112644604614384,1.5723036504487966,261.13121048287377,28.08615504754269,31.73694207419485,1.7622489619062216,-0.09654396369079721,1.6376541847900852,9.408744458,19.031740499
motion_20260506_203248,-3.0,-3.0,-19.31903059878914,19.350210087303527,-5.818697306646602,279.96108014032706,9.147905567007644,37.24014254729853,1.6882371575754729,-0.09339568152631927,1.5748785085082153,260.6420495415379,28.49811565431117,31.42144524065193,1.7652725238901024,-0.09504154433497791,1.639620027309594,9.411176242,19.033175834
motion_20260506_203317,-3.0,-3.0,-19.804272575795892,19.665826784037883,-5.903647503354399,279.5455777556322,9.593770589334333,37.055411891188854,1.6897685795808903,-0.09338934808716193,1.576437594926786,259.74130517983633,29.259597373372216,31.151764387834454,1.7681616240568971,-0.0959778750187994,1.6424964452936337,9.412329351,19.033329206
motion_20260506_203345,-3.0,-3.0,-19.986032633516515,19.244814786401005,-6.4806054796808645,280.0293835952017,10.544237010487748,37.72489180475664,1.6863961181249318,-0.0925288461162268,1.5809941378546268,260.0433509616852,29.789051796888753,31.244286325075773,1.7657143027521403,-0.10124894547387764,1.6393273380342528,9.413456999,19.033452151
motion_20260506_203412,-3.0,-3.0,-19.542477032829765,20.68628126119829,-5.788079010093622,279.55720171219343,9.5605420727616,37.09856749486076,1.6896417105782018,-0.09436340593598147,1.5760937911373676,260.01472467936367,30.246823333959888,31.310488484767138,1.7650244058399573,-0.09966431405053133,1.6442457771057037,9.411555751,19.033558491
motion_20260506_203507,0.0,3.0,30.386962600233915,-20.010055307982935,9.007864172282162,279.9946964715144,-11.554162619877449,34.19036003398035,1.686859661584778,0.0056514676845678125,1.5133855513965953,310.3816590717483,-31.564217927860383,43.19822420626251,1.6109686483988763,0.06459075772251377,1.4876512887741884,9.468054616,19.005052756
motion_20260506_203536,0.0,3.0,35.2945599123978,-15.93493057933775,14.709848897222244,279.0682809138539,-12.418881385038533,33.168242167179024,1.696219221901049,0.008030444363452016,1.5100204384725326,314.3628408262517,-28.353811964376284,47.87809106440127,1.5783957206930495,0.06271614700797867,1.4968989842159284,9.469309316,19.013309564
motion_20260506_203604,0.0,3.0,36.494060181925704,-16.418512749866316,14.88672700253521,278.3122875537609,-11.341597876855811,32.82042698263098,1.6991797700755655,0.00813176313733499,1.51484175935579,314.8063477356866,-27.760110626722128,47.70715398516619,1.5812458344311027,0.06099028158320663,1.497649902369058,9.483468925,19.012466412
motion_20260506_203633,0.0,3.0,37.75318018110056,-15.2675417711949,15.559951228412494,277.9029459949513,-11.580102214163198,32.652581236942645,1.700608282055376,0.00670067040090272,1.5147498058497855,315.6561261760519,-26.847643985358097,48.21253246535514,1.578125591122398,0.05540809462620877,1.4981196954953393,9.485668644,19.004666118
motion_20260506_203703,0.0,3.0,36.53550536576489,-15.51115875938981,15.049133058721786,278.30345779084894,-11.934869223166244,32.96647572590608,1.6977486456311783,0.00653659245731486,1.5114719914165586,314.83896315661383,-27.446027982556053,48.015608784627865,1.578244605593802,0.0591549470907069,1.4973454087523828,9.48381848,19.007817086
motion_20260506_204119,0.0,-3.0,-14.626150954905768,-5.005835491859855,-2.15803888872847,275.3040188333232,-9.943868857290783,30.944778473867594,1.7096228788599115,-0.045151411777069494,1.5462235646494964,260.67786787841743,-14.949704349150638,28.786739585139124,1.7364031972389136,-0.005045544067588059,1.5888402884762785,9.374384752,19.098384564
motion_20260506_204148,0.0,-3.0,-13.809507681690206,-5.5113906753466715,-1.7299867867841563,275.30344140138084,-10.282974124970746,30.957105228220342,1.7097290853834957,-0.04628760064932713,1.5427908009738118,261.49393371969063,-15.794364800317418,29.227118441436186,1.7320293722693647,-0.0061145962599342685,1.5837397204155435,9.374746593,19.0987474
motion_20260506_204215,0.0,-3.0,-14.747042649209448,-6.341340468224608,-2.1719743100743685,275.3066271629312,-9.537548275620921,30.82731765008803,1.7110020110194972,-0.046151916860318165,1.5474487656869973,260.55958451372175,-15.878888743845529,28.655343340013662,1.7351457977255254,-0.004374663980889482,1.5844280682218814,9.376146063,19.099145507
motion_20260506_204244,0.0,-3.0,-14.229648277733475,-5.680777330083206,-1.7573128244566618,275.30847949800346,-10.128320561329762,30.970169708111086,1.7096004110619447,-0.046215770039963466,1.544323647891819,261.07883122027,-15.809097891412968,29.212856883654425,1.732039951822288,-0.0038229047227213986,1.5858804962173085,9.375393816,19.099393378
motion_20260506_204312,0.0,-3.0,-14.68097237388372,-4.924318862598808,-1.9327595259024974,275.2126731611221,-10.634180630351567,30.45134676540616,1.7144579174135965,-0.043801495811915725,1.5420187223966808,260.5317007872384,-15.558499492950375,28.518587239503663,1.7364909171140075,-0.002875553511989981,1.5878301013666405,9.377972502,19.10197259
motion_20260506_204414,3.0,3.0,26.058310597761363,-25.928095122432477,10.063020116754771,282.71028624443585,-29.070451364666265,38.10061402994281,1.657009761601611,0.017903365727826692,1.4746720401036364,308.7685968421972,-54.99854648709874,48.16363414669758,1.5704851786197127,0.1493655873665365,1.518677601475791,9.434555773,19.041556343
motion_20260506_204444,3.0,3.0,25.27587565536362,-26.464959093065776,9.866924188948403,282.30845744550766,-28.742506911506855,37.45625133163257,1.663126264318714,0.015195879754226427,1.4745982686605432,307.5843331008713,-55.20746600457263,47.323175520580975,1.5766089696007124,0.1485155029327463,1.518016612398688,9.433917182,19.036917336
motion_20260506_204512,3.0,3.0,24.823799271993778,-24.71524523955086,10.165727030217525,283.01486315638135,-29.56413295700954,37.793795970413186,1.6603040858188307,0.01600063717122091,1.4701675135581338,307.83866242837513,-54.2793781965604,47.95952300063071,1.5735359587564115,0.1503390223122476,1.5206827759734203,9.436173594,19.03917135
motion_20260506_204541,3.0,3.0,26.431145929659863,-24.025868798556928,10.730930146462413,282.58910600789113,-30.045578739183625,37.91286834359533,1.6587017337769185,0.01722697192344591,1.470414203100423,309.020251937551,-54.07144753774055,48.64379849005774,1.5689614016137339,0.14965318816028272,1.5215185912568845,9.442504481,19.039504557
motion_20260506_204609,3.0,3.0,25.715374619972692,-24.16678830467281,10.527838153068537,282.2892191281077,-29.15774725355085,37.747520551180074,1.6601507028984634,0.017729967946607417,1.4733597231740154,308.00459374808037,-53.32453555822366,48.27535870424861,1.5704345226487637,0.15187343306083223,1.5233845165542397,9.442900118,19.036899957
motion_20260506_204703,3.0,0.0,5.402004386591727,-31.11176363435018,6.793805743733614,279.6948662397484,-12.781445716628287,35.11986183255961,1.6784821438099502,-0.028133517116751383,1.5351270149783616,285.09687062634015,-43.893209350978466,41.91366757629322,1.6219635598652098,0.09842198838725769,1.5812323476974686,9.384354706,19.103355522
motion_20260506_204731,3.0,0.0,5.556482309306318,-30.05739979989349,7.113097433879524,279.2298124924438,-13.26454518087224,34.58375146267816,1.683297238329436,-0.025795846930955157,1.5327926586470693,284.7862948017501,-43.32194498076573,41.69684889655768,1.6237015413667324,0.09900424921036266,1.5832985954365855,9.384444805,19.105444836
motion_20260506_204759,3.0,0.0,5.525613951984269,-30.36141644209436,6.792304251295313,279.2535174213295,-13.120945485870811,34.75103245408053,1.68166661336038,-0.027214871212441594,1.534087366470476,284.77913137331376,-43.48236192796517,41.54333670537584,1.62519238448895,0.09731482015327297,1.5817956469651497,9.386061634,19.108061728
motion_20260506_204827,3.0,0.0,5.113935618183348,-30.82003150976273,6.557416972401988,279.2859209052183,-12.571096320419496,34.79373045951334,1.681436749264792,-0.028105173146347973,1.536787092275879,284.39985652340164,-43.39112783018223,41.35114743191533,1.626694830290196,0.09846970193718496,1.5820235961716766,9.38629959,19.106292208
motion_20260506_204855,3.0,0.0,5.526613093227468,-30.517501879665915,6.796485231485818,279.2535174213295,-13.120945485870811,34.75103245408053,1.68166661336038,-0.027214871212441594,1.534087366470476,284.78013051455696,-43.63844736553673,41.54751768556635,1.6251507331578277,0.09716296414543635,1.580265721202745,9.384618777,19.104618501
motion_20260506_204948,3.0,-3.0,-28.556841422017897,-27.03392700644926,-6.170070602634343,278.44475898930847,-21.481565267013025,34.19823974298738,1.6950731302685982,-0.010697907502776216,1.5141291422651675,249.88791756729057,-48.515492273462286,28.02816914035304,1.7791462314191626,0.0897741491241626,1.5721460033448567,9.322118806,19.132118991
motion_20260506_205016,3.0,-3.0,-28.262272163697048,-28.379381005846774,-5.920196096914449,278.4532042428494,-21.231013783736422,34.060480100667036,1.6965726735546949,-0.013314143868899952,1.5136463936223348,250.19093207915233,-49.6103947895832,28.140284003752587,1.7781889805701625,0.09513013469443776,1.565725578987316,9.326654458,19.13265507
motion_20260506_205044,3.0,-3.0,-29.05697838488362,-28.015531136071566,-6.571469855296087,278.61577258315197,-20.864167900789106,34.67080745512329,1.6934007979055121,-0.014106861992805975,1.5147788415806513,249.55879419826834,-48.87969903686067,28.0993375998272,1.780920496778086,0.09218940012560495,1.5683244112008679,9.324682216,19.131682783
motion_20260506_205113,3.0,-3.0,-28.339846359332455,-28.347948515079228,-6.22679528466411,278.5139125807966,-20.65895862180869,34.225437917106944,1.6949582257042723,-0.01320253139039318,1.5166466852407865,250.17406622146416,-49.00690713688792,27.998642632442834,1.7794858110825291,0.09112999649475406,1.5709873990716663,9.323804725,19.13180511
motion_20260506_205141,3.0,-3.0,-29.175708305773156,-27.73541331398941,-6.682594987243522,278.84388051484984,-21.53512710476229,34.3796495540566,1.693545648763293,-0.012141838372631941,1.5138712104320333,249.6681722090767,-49.2705404187517,27.697054566813076,1.782526543446057,0.09215030855149808,1.5700084631837445,9.321566231,19.131565899
motion_20260506_205246,-7.0,7.0,2.662300957763904,72.27870289915195,-5.848885892459634,189.86697525273206,-43.75887197053727,126.10637159947316,1.593186856084183,-0.10084617002085072,1.373921726611891,192.52927621049596,28.51983092861468,120.25748570701353,1.6495502522430545,-0.07387938451118692,1.7332652369682604,2.000875463,3.970874706
motion_20260506_205314,-7.0,7.0,2.5386773209329476,74.66099303949494,-5.4792543084095655,189.6525731758651,-44.184182029195625,126.33622081768759,1.5949673283313563,-0.09734919779869489,1.3718023984768317,192.19125049679803,30.476811010299322,120.85696650927802,1.6464196348467863,-0.07521121264584396,1.7416086971206604,2.000449443,3.972458645
motion_20260506_205342,-7.0,7.0,2.201597054109385,73.74172613363699,-5.241569628155673,189.74869881638688,-44.063729518057016,125.7728129339065,1.5978153890398419,-0.09901014336871472,1.3716745730368523,191.95029587049626,29.677996615579968,120.53124330575082,1.647996077675522,-0.07461521457103015,1.738259801749035,2.000716805,3.968708808
motion_20260506_205410,-7.0,7.0,2.475285756464814,73.52003854194561,-5.203613355022455,189.47696460046,-43.68364650713583,125.4467185633176,1.5993856620132343,-0.10055809151343187,1.3729850007369118,191.95225035692482,29.83639203480977,120.24310520829515,1.6494631401939734,-0.07558019762610879,1.738296026649943,2.000742461,3.968741711
motion_20260506_205438,-7.0,7.0,2.2322897224650546,72.22269623455648,-4.572778941055589,189.71786554679875,-42.54560538396919,125.10749030816413,1.6026478872390184,-0.0975305649098488,1.3799300445011324,191.9501552692638,29.677090850587298,120.53471136710854,1.6479768712346143,-0.07470730879862342,1.738264122170316,2.000761882,3.970761012
motion_20260506_205531,-7.0,0.0,18.30131061239115,28.60157990135828,-3.1181301181292085,287.9498165953439,0.9724179313967936,42.398287727771205,1.6218160115906293,-0.08998388929831003,1.544759050893581,306.25112720773507,29.573997832755076,39.280157609641996,1.6505820220095502,-0.09236977771810362,1.499433588677212,9.345793819,19.145788884
motion_20260506_205559,-7.0,0.0,18.949236765402816,26.74260940480506,-2.1141624937973447,287.5054742829304,0.558721091927612,41.47852470073949,1.6298736016966549,-0.08966891886715311,1.5424562434971658,306.4547110483332,27.30133049673267,39.36436220694215,1.6489418906586888,-0.0887911947130764,1.4925530587735714,9.345474351,19.14747418
motion_20260506_205626,-7.0,0.0,17.761466036506192,28.171277844178693,-3.0726763607524035,287.99475058753893,1.1150542334562892,42.12522786517093,1.6266492063615097,-0.08936649849969402,1.545635825144994,305.7562166240451,29.28633207763498,39.052551504418524,1.65178283761406,-0.09206712122468041,1.4937064690652655,9.342865297,19.146863675
motion_20260506_205654,-7.0,0.0,17.71792471097217,29.237351900856222,-3.3218321201578505,287.99612221904886,0.6732746192976746,42.12522786517093,1.6266492063615094,-0.0893664984996938,1.5441018441449945,305.714046930021,29.910626520153897,38.80339574501308,1.654623470086124,-0.0928989402467224,1.4966070915768122,9.344444194,19.14644417
motion_20260506_205721,-7.0,0.0,18.238598073571325,28.91537710949974,-2.7627985672527586,287.89534145542825,0.5581676245604372,41.787644224800445,1.6269303296025703,-0.09022591075725939,1.5426775835737039,306.1339395289996,29.473544734060177,39.02484565754769,1.64921562013784,-0.08890582785651602,1.4984433805097916,9.343756147,19.147756416
motion_20260506_205810,-7.0,-7.0,-13.816416158451148,-4.134420474574245,-21.429791641932532,267.3477243666043,-30.096393937935613,42.814030138185494,1.6395197501870142,-0.10663415876894478,1.487344256807761,253.53130820815318,-34.23081441250986,21.384238496252962,1.749425903408935,0.011525970282241893,1.4504400359853327,9.443502484,19.045511408
motion_20260506_205838,-7.0,-7.0,-15.971890744984421,-9.991946570369763,-20.552102425341186,269.7348076371501,-25.550189768265646,42.07709400488132,1.6356400418109591,-0.11156120374260103,1.5070542112339216,253.76291689216566,-35.54213633863541,21.52499157954013,1.7478177750781998,0.009892115790980816,1.4470443661086572,9.425840704,19.049841166
motion_20260506_205908,-7.0,-7.0,-15.1229779262178,-10.654084360312492,-19.347938043889823,268.8559739890243,-26.404368435896433,41.56962628320561,1.6403017205179213,-0.10876559296599275,1.5023530232230526,253.73299606280648,-37.058452796208925,22.221688239315785,1.743290927319551,0.010164145132355085,1.4392633667915908,9.428155558,19.047159088
motion_20260506_205935,-7.0,-7.0,-14.815057028789084,-10.137104260451999,-19.864402190946787,268.1587928581368,-25.655980498516477,41.40410527317124,1.6417956168175396,-0.11153128002111012,1.5033449941369688,253.3437358293477,-35.793084758968476,21.539703082224452,1.74788934947008,0.010025555651466789,1.4439805957644058,9.430141477,19.052141324
motion_20260506_210005,-7.0,-7.0,-18.067949904085737,-5.700410714398249,-21.241925718755144,268.0761903152156,-26.445971902507093,41.37946789918064,1.6419029227546456,-0.10903528297128262,1.5007216609174496,250.0082404111299,-32.14638261690534,20.137542180425495,1.7617835455933493,0.015541040472234258,1.452719079819215,9.430311302,19.04532268
motion_20260506_210058,0.0,7.0,39.58048006114552,-7.981379456134963,4.596879010472179,301.8515594914262,31.62743962995117,54.40272501436837,1.6013820542814012,-0.1556989315662638,1.652440110952949,341.4320395525717,23.646060173816206,58.99960402484055,1.6014430131079733,-0.08584695607245751,1.6369784059878547,9.276394077,19.154396532
motion_20260506_210127,0.0,7.0,38.95218024232253,-6.054209368038407,3.339910542753465,302.33266253007804,30.57569317421681,54.70460461073533,1.5987015784889314,-0.15351391626751898,1.6482308688697802,341.28484277240057,24.521483806178402,58.044515153488796,1.6072141627932244,-0.08203969291173263,1.6415334496410645,9.272327565,19.163327924
motion_20260506_210154,0.0,7.0,39.37449665182527,-6.402112073784473,3.513535977751083,301.8826408778996,31.30089449202142,54.514354838307106,1.6002871952763995,-0.15627910876179607,1.649407222481121,341.25713752972484,24.898782418236948,58.02789081605819,1.6073824023669074,-0.08406992446031603,1.6415557284006577,9.274084658,19.16308539
motion_20260506_210222,0.0,7.0,40.149675582246914,-6.7970371192725985,3.8733384806409177,301.4737801722275,31.5009289778633,53.99658815376667,1.6046755357324163,-0.1559901830784849,1.6508825184877505,341.62345575447443,24.7038918585907,57.86992663440759,1.6101119073815426,-0.0815123587846891,1.6430715714632749,9.279873299,19.160871046
motion_20260506_210250,0.0,7.0,39.06044997210989,-7.274919971030265,3.0936716826850628,301.8760773096287,31.32335157653064,54.358096694136435,1.6018162221384917,-0.15474536857080734,1.6494387187416886,340.9365272817386,24.048431605500376,57.4517683768215,1.6118059675421603,-0.08360901628380168,1.6400885763200816,9.279629506,19.160627125
motion_20260506_210343,0.0,-7.0,-51.16628849001546,-29.918880761982287,-19.586641127191612,287.10969734919536,9.303072847845389,47.58571638659995,1.5733067189037966,-0.06194939539624733,1.6528230005801028,235.9434088591799,-20.615807914136898,27.999075259408336,1.760687601673354,0.024954603024532895,1.5503158475577468,9.431375848,19.02937632
motion_20260506_210410,0.0,-7.0,-47.394116263654496,-28.274017184842535,-13.351582032423362,284.73487830596014,9.315600186981968,44.901063748508605,1.5949479085855314,-0.06322719383922482,1.6481956003713851,237.34076204230564,-18.958416997860567,31.549481716085243,1.7357352401249067,0.02273233517550932,1.558734150481326,9.432991073,19.030989005
motion_20260506_210440,0.0,-7.0,-47.26606988640657,-28.87820677523603,-13.161567845048804,284.69521956225617,10.06425413918425,44.92565130323978,1.5947105590280655,-0.06447719036489086,1.6527533886957657,237.4291496758496,-18.81395263605178,31.764083458190978,1.735687346506319,0.022843428003762156,1.5603270561011444,9.433633649,19.025640664
motion_20260506_210509,0.0,-7.0,-48.1776198096573,-28.361766956772613,-13.9148708281306,284.71251385531787,9.89627894297606,45.07084023224829,1.5932978476634858,-0.06461855768205904,1.6512017241983696,236.53489404566056,-18.465488013796552,31.155969404117688,1.7403155700015853,0.023832790096212086,1.5607997617960323,9.434295998,19.029296407
motion_20260506_210537,0.0,-7.0,-48.65189105925117,-27.63834858922425,-13.918786197547703,285.12643912821005,8.617116592917572,45.05816186111042,1.5935067641846763,-0.06349380428004148,1.6469376209302575,236.47454806895888,-19.02123199630668,31.139375663562717,1.740406456302672,0.023150197405954476,1.559355654312313,9.433775173,19.028766607
motion_20260506_211040,7.0,0.0,-2.9232666087680172,-62.91709071614527,4.424299426293615,297.14542417612546,-20.11017667244364,47.859301766468334,1.6146611571288167,-0.064509754412446,1.4866367508970784,294.22215756735744,-83.02726738858891,52.28360119276195,1.614786958381037,0.10450595526512951,1.457087980755517,9.356877614,19.074877649
motion_20260506_211139,7.0,0.0,-1.191321367940759,-64.2968093956809,6.75520961747479,297.07637303047824,-19.87514966392125,47.300766551116574,1.6176605963434567,-0.06681894178332803,1.4858943476321076,295.8850516625375,-84.17195905960214,54.055976168591364,1.6043630784130574,0.10813532348053068,1.4574100608068827,9.357640709,19.055642678
motion_20260506_211207,7.0,0.0,-0.9292334965163036,-65.0137156891947,2.4625015254369274,297.1000944187282,-19.405881344661477,47.143478254622536,1.6191928240422568,-0.06682006210484692,1.4874518835621868,296.1708609222119,-84.41959703385618,49.605979780059464,1.6160373717059462,0.10295448260882578,1.454200855437317,9.358865129,19.056858204
motion_20260506_211235,7.0,0.0,-0.44750041595449375,-65.93712607458335,3.2050433016808455,297.0990505631858,-19.51947462652469,47.293067344727135,1.6175032930590711,-0.06386271712169633,1.4893465976018743,296.6515501472313,-85.45660070110803,50.49811064640798,1.6119537282493803,0.10822846725478175,1.4553724064741969,9.359120003,19.049127083
motion_20260506_211305,7.0,0.0,-2.1332560890726313,-63.747693128439685,5.994469331096248,296.7182884498406,-19.5186233224671,47.11207061537646,1.6189444173420722,-0.06636042646714424,1.4889576281429562,294.58503236076797,-83.26631645090679,53.10653994647271,1.6106464922227888,0.10670203489024521,1.458586032143237,9.36042983,19.068430558
motion_20260506_211335,7.0,0.0,-2.1507507957268217,-64.96276548834132,6.0763114491363694,297.08946365238035,-19.721262393248757,47.31346364662535,1.6175361982556682,-0.06659038460321942,1.4874144109580714,294.9387128566535,-84.68402788159007,53.38977509576172,1.6095000996934246,0.11018080699619182,1.4557062694213545,9.358578513,19.052580976
